{
    "components": [
        {
            "cachedName": "LWJGL 3",
            "cachedVersion": "3.3.3",
            "cachedVolatile": true,
            "dependencyOnly": true,
            "uid": "org.lwjgl3",
            "version": "3.3.3"
        },
        {
            "cachedName": "Minecraft",
            "cachedRequires": [
                {
                    "suggests": "3.3.3",
                    "uid": "org.lwjgl3"
                }
            ],
            "cachedVersion": "1.21",
            "important": true,
            "uid": "net.minecraft",
            "version": "1.21"
        },
        {
            "cachedName": "Forge",
            "cachedRequires": [
                {
                    "equals": "1.21",
                    "uid": "net.minecraft"
                }
            ],
            "cachedVersion": "51.0.24",
            "uid": "net.minecraftforge",
            "version": "51.0.24"
        }
    ],
    "formatVersion": 1
}
